,num,plain,jit,cython
0,1.0,2.3141998099163175e-05,7.171800825744868e-06,2.1359883248806e-07
1,2.0,1.3994600158184766e-05,5.209603114053607e-06,1.3560056686401367e-07
2,3.0,1.5381997218355537e-05,5.185202462598682e-06,1.60199124366045e-07
3,4.0,1.598899834789336e-05,5.1802024245262144e-06,1.829990651458502e-07
4,5.0,1.6456999583169817e-05,5.2941963076591495e-06,2.4859909899532793e-07
5,6.0,3.286479623056948e-05,8.12159851193428e-06,2.7759815566241743e-07
6,7.0,1.8588401144370436e-05,5.701405461877584e-06,3.2180105336010456e-07
7,8.0,1.9586796406656502e-05,5.995598621666432e-06,3.5160337574779987e-07
8,9.0,2.1226203534752132e-05,5.929399048909545e-06,4.32401429861784e-07
9,10.0,3.8228998892009256e-05,8.331798017024995e-06,5.027977749705315e-07
10,11.0,2.4597003357484936e-05,6.111798575147986e-06,5.505979061126709e-07
11,12.0,2.6765000075101853e-05,6.020802538841963e-06,6.287998985499144e-07
12,13.0,2.8968998230993746e-05,6.2207982409745455e-06,6.927992217242718e-07
13,14.0,2.9430200811475515e-05,6.493000546470284e-06,7.547962013632059e-07
14,15.0,3.233040333725512e-05,6.237399065867066e-06,7.998023647814989e-07
15,16.0,3.5296002170071e-05,6.441399455070495e-06,9.19797457754612e-07
16,17.0,3.6325398832559584e-05,6.610201671719551e-06,1.024198718369007e-06
17,18.0,3.847359912469983e-05,6.368599133566022e-06,1.1233962140977382e-06
18,19.0,4.1356601286679506e-05,6.8199995439499615e-06,1.231400528922677e-06
19,20.0,4.378160228952765e-05,6.7413959186524154e-06,1.2772041372954846e-06
20,21.0,4.564059781841934e-05,6.7382003180682656e-06,1.3614015188068152e-06
21,22.0,4.894720041193068e-05,6.718200165778399e-06,1.474795863032341e-06
22,23.0,5.156699917279184e-05,6.754399510100484e-06,1.5922007150948047e-06
23,24.0,5.486499867402017e-05,7.162598194554448e-06,1.715001417323947e-06
24,25.0,6.0928997118026015e-05,7.1282032877206806e-06,1.8534017726778984e-06
25,26.0,6.184419617056846e-05,7.544195977970958e-06,2.0078034140169622e-06
26,27.0,6.473340326920151e-05,7.479597115889192e-06,2.1024025045335293e-06
27,28.0,7.03668047208339e-05,8.131598588079213e-06,2.2198015358299018e-06
28,29.0,7.065379759296775e-05,7.891602581366897e-06,2.330797724425793e-06
29,30.0,7.639859686605632e-05,8.15759995020926e-06,2.4545995984226464e-06
30,31.0,8.005740237422287e-05,8.164200698956847e-06,2.669199602678418e-06
31,32.0,8.335799793712795e-05,8.392997551709414e-06,2.803996903821826e-06
32,33.0,9.078919538296759e-05,8.541997522115707e-06,3.0755996704101563e-06
33,34.0,9.431379730813205e-05,9.19399899430573e-06,3.2029987778514623e-06
34,35.0,9.667379781603813e-05,9.75540024228394e-06,3.4140015486627816e-06
35,36.0,0.00010006420197896659,9.290000889450312e-06,3.4743978176265953e-06
36,37.0,0.00010439440375193953,9.58839664235711e-06,3.641605144366622e-06
37,38.0,0.00010916680330410599,9.827001485973597e-06,3.801001003012061e-06
38,39.0,0.0001133590005338192,9.973201667889952e-06,3.978400491178035e-06
39,40.0,0.00011797260376624762,1.0135001502931118e-05,4.203000571578741e-06
40,41.0,0.0001270728011149913,1.0342797031626105e-05,4.34099929407239e-06
41,42.0,0.000131466198945418,1.049180282279849e-05,4.540401278063655e-06
42,43.0,0.00013770780060440302,1.0946003021672368e-05,4.761200398206711e-06
43,44.0,0.00013738159905187785,1.1050998000428081e-05,4.960602382197976e-06
44,45.0,0.00014189599896781148,1.1593603994697333e-05,5.15900319442153e-06
45,46.0,0.00014607459888793528,1.1717999586835504e-05,5.297601455822587e-06
46,47.0,0.00015311859897337854,1.2452801456674933e-05,5.607400089502334e-06
47,48.0,0.00016076539759524167,1.2651999713853002e-05,5.892798071727157e-06
48,49.0,0.00017207260243594645,1.3141799718141555e-05,6.066204514354468e-06
49,50.0,0.0001701164001133293,1.3188598677515983e-05,6.287399446591735e-06
50,51.0,0.00018096680287271738,1.3434799620881677e-05,6.532599218189716e-06
51,52.0,0.00018136019934900105,1.3760803267359733e-05,6.7273969762027265e-06
52,53.0,0.00018655660096555948,1.3912597205489874e-05,6.934796692803502e-06
53,54.0,0.00019941679784096777,1.4372600708156824e-05,7.218396058306098e-06
54,55.0,0.00020331020350567998,1.4670402742922306e-05,7.466401439160109e-06
55,56.0,0.00021246739779599011,1.4781195204705e-05,7.759197615087032e-06
56,57.0,0.00021231700084172188,1.54022010974586e-05,8.001597598195076e-06
57,58.0,0.00022484759683720766,1.561699900776148e-05,8.257600711658597e-06
58,59.0,0.0002264189999550581,1.5893799718469383e-05,8.599803550168872e-06
59,60.0,0.00023830640129745005,1.6332202358171342e-05,8.860800880938768e-06
60,61.0,0.0002447232021950185,1.6934605082497e-05,9.098200825974345e-06
61,62.0,0.00024555279524065556,1.723460154607892e-05,9.406404569745063e-06
62,63.0,0.00025363520253449676,1.757199643179774e-05,9.698403300717472e-06
63,64.0,0.00026020359946414827,1.804840285331011e-05,1.0059797205030918e-05
64,65.0,0.00026818119804374876,1.8271396402269602e-05,1.0324397590011358e-05
65,66.0,0.0002727741957642138,1.8729397561401127e-05,1.062759547494352e-05
66,67.0,0.000294623599620536,2.1153001580387353e-05,1.1353398440405726e-05
67,68.0,0.00030352339963428675,2.0231399685144424e-05,1.1333799920976163e-05
68,69.0,0.0002987642015796155,2.01250019017607e-05,1.1636799899861217e-05
69,70.0,0.0003057746042031795,2.047480084002018e-05,1.1950201587751507e-05
70,71.0,0.00031240080134011807,2.080380218103528e-05,1.2259604409337043e-05
71,72.0,0.0003210982016753405,2.1121598547324538e-05,1.2547598453238607e-05
72,73.0,0.00032951260218396785,2.1564599592238665e-05,1.2996600707992911e-05
73,74.0,0.00033678300096653404,2.1874799858778716e-05,1.3264600420370698e-05
74,75.0,0.0003453318029642105,2.2316200193017723e-05,1.3633997878059744e-05
75,76.0,0.0003543269995134324,2.2823596373200418e-05,1.3884197687730194e-05
76,77.0,0.00036197880399413407,2.2946199169382454e-05,1.4247401850298047e-05
77,78.0,0.00037047619698569176,2.390699810348451e-05,1.460579806007445e-05
78,79.0,0.0003793543961364776,2.400220255367458e-05,1.4965998707339167e-05
79,80.0,0.00038825419615022837,2.483240095898509e-05,1.5343597624450922e-05
80,81.0,0.0003980101959314197,2.514540101401508e-05,1.570979948155582e-05
81,82.0,0.00040534340078011153,2.523980219848454e-05,1.6120198415592314e-05
82,83.0,0.00041327099897898735,2.5856203865259886e-05,1.642260467633605e-05
83,84.0,0.00042366620036773386,2.6224396424368025e-05,1.687119947746396e-05
84,85.0,0.00043081860058009626,2.685899962671101e-05,1.726420014165342e-05
85,86.0,0.0004424557962920517,2.7892796788364647e-05,1.7571798525750638e-05
86,87.0,0.000448429596144706,2.797880442813039e-05,1.7993798246607183e-05
87,88.0,0.00047046620165929197,2.8420600574463607e-05,1.8441001884639263e-05
88,89.0,0.0004835325991734862,2.983139711432159e-05,1.959999790415168e-05
89,90.0,0.00047874319716356695,3.02881991956383e-05,1.9826798234134912e-05
90,91.0,0.000503129797289148,3.0780199449509385e-05,2.039319952018559e-05
91,92.0,0.0004967089975252747,3.1334604136645795e-05,2.0785199012607336e-05
92,93.0,0.0005248271976597607,3.0701799551025034e-05,2.0618399139493705e-05
93,94.0,0.0005278949975036085,3.262400277890265e-05,2.170599764212966e-05
94,95.0,0.0005432803998701274,3.3060001442208886e-05,2.2157200146466493e-05
95,96.0,0.0005637180001940578,3.3462402643635866e-05,2.2686604643240572e-05
96,97.0,0.0005618572002276778,3.3950200304389e-05,2.3490202147513627e-05
97,98.0,0.0005727545998524874,3.449579817242921e-05,2.3641600273549555e-05
98,99.0,0.0006116195989307016,3.50115995388478e-05,2.3350201081484558e-05
99,100.0,0.0006162682024296373,3.482280299067497e-05,2.4506001500412823e-05
100,101.0,0.0006182761979289352,3.6693201400339605e-05,2.411099849268794e-05
101,102.0,0.0006577241991180926,3.7059595342725515e-05,2.575120306573808e-05
102,103.0,0.0006364728033076972,3.640759969130159e-05,2.533540246076882e-05
103,104.0,0.0006575600011274219,3.836040268652141e-05,2.6634405367076396e-05
104,105.0,0.0006574626022484154,3.8608204340562226e-05,2.604539622552693e-05
105,106.0,0.0006670899980235845,3.8094603223726156e-05,2.7463398873806e-05
106,107.0,0.0006739014002960175,3.849680069833994e-05,2.8113799635320903e-05
107,108.0,0.0006918613973539323,3.914120025001466e-05,2.7681002393364906e-05
108,109.0,0.0006865666015073657,3.933020052500069e-05,2.8083199867978693e-05
109,110.0,0.0007000689976848662,4.004680085927248e-05,2.847620053216815e-05
110,111.0,0.0007080971961840987,4.048559931106866e-05,2.903480199165642e-05
111,112.0,0.0007208224036730826,4.1400600457564e-05,2.956999815069139e-05
112,113.0,0.0007357683964073658,4.2396195931360124e-05,3.0037801479920745e-05
113,114.0,0.0007373542001005262,4.251360078342259e-05,3.04973975289613e-05
114,115.0,0.0007567243999801576,4.362539621070027e-05,3.086299984715879e-05
115,116.0,0.0007724706025328487,4.4135196367278696e-05,3.162319771945477e-05
116,117.0,0.0007798950013238936,4.479660419747234e-05,3.224120009690523e-05
117,118.0,0.0007905706006567925,4.527019918896258e-05,3.2499199733138084e-05
118,119.0,0.0008068849972914904,4.5768398558720945e-05,3.309259773232043e-05
119,120.0,0.0008276922046206892,4.788420046679676e-05,3.36066004820168e-05
120,121.0,0.0008607205993030221,4.8642000183463094e-05,3.5233597736805676e-05
121,122.0,0.0008678756013978273,4.963399842381477e-05,3.601739881560206e-05
122,123.0,0.0008936207974329591,5.0270796054974196e-05,3.6657199962064625e-05
123,124.0,0.0008813034044578671,5.068079917691648e-05,3.598820185288787e-05
124,125.0,0.0009106156008783728,5.012560286559165e-05,3.777120145969093e-05
125,126.0,0.0009489124000538141,5.210600211285055e-05,3.7127401446923615e-05
126,127.0,0.0009561024024151265,5.3217000095173715e-05,3.7724600406363604e-05
127,128.0,0.0009631345979869366,5.374159663915634e-05,3.97420022636652e-05
128,129.0,0.000976437801728025,5.455919890664518e-05,4.020420019514859e-05
129,130.0,0.000993375002872199,7.403420167975127e-05,5.56820014026016e-05
130,131.0,0.0009964558004867286,5.5585999507457015e-05,4.134339978918433e-05
131,132.0,0.0010233598004560918,5.459440289996564e-05,4.193779896013439e-05
132,133.0,0.0010245836048852653,5.545219755731523e-05,6.128640379756689e-05
133,134.0,0.0010720997990574688,5.603620084002614e-05,4.326700000092387e-05
134,135.0,0.0010367768001742661,7.970660226419568e-05,4.237139946781099e-05
135,136.0,0.0010631629964336752,5.6886801030486825e-05,4.317500279285014e-05
136,137.0,0.0010504753969144075,5.795619799755514e-05,4.6208198182284835e-05
137,138.0,0.0011069160012993962,5.8673799503594634e-05,4.592580371536315e-05
138,139.0,0.0011407963989768176,5.9416197473183274e-05,4.4962199172005055e-05
139,140.0,0.0010875939973630012,6.037019775249064e-05,4.7858402831479906e-05
140,141.0,0.0011489413969684391,6.523620104417204e-05,4.590880125761032e-05
141,142.0,0.0012020596012007445,6.445040344260633e-05,6.312460172921419e-05
142,143.0,0.0011350624030455948,9.230879950337112e-05,6.382539868354797e-05
143,144.0,0.001250902801984921,6.919079460203648e-05,4.928559646941721e-05
144,145.0,0.0012433156021870672,6.355479708872736e-05,7.147520082071424e-05
145,146.0,0.0012163400009740145,6.436400581151247e-05,4.911659634672105e-05
146,147.0,0.0012922242050990463,6.829879712313413e-05,5.2139197941869496e-05
147,148.0,0.0012491239991504698,6.646540132351219e-05,5.028240266256034e-05
148,149.0,0.0013258881983347238,8.912920020520687e-05,5.299560143612325e-05
149,150.0,0.001372033596271649,7.061759824864567e-05,5.580300348810852e-05
150,151.0,0.001319238601718098,6.837499677203596e-05,5.240679602138698e-05
151,152.0,0.0013094766007270664,6.867540068924426e-05,7.577959913760424e-05
152,153.0,0.0012929028016515076,6.973400013521314e-05,7.049100240692496e-05
153,154.0,0.0013560301973484456,7.061460055410863e-05,5.409400328062475e-05
154,155.0,0.0013350863999221473,7.150560268200933e-05,5.514740478247404e-05
155,156.0,0.0014098662009928375,7.258779951371252e-05,5.563840386457741e-05
156,157.0,0.0014316793996840716,7.281459984369576e-05,8.102740393951535e-05
157,158.0,0.001387221395270899,9.735359926708043e-05,5.707219825126231e-05
158,159.0,0.0014857350033707917,7.48951977584511e-05,5.7553197257220746e-05
159,160.0,0.0014845427998807282,7.787019712850452e-05,5.825060070492327e-05
160,161.0,0.0015323556028306485,8.197579882107675e-05,6.090700044296682e-05
161,162.0,0.0014707718044519424,8.031299803406e-05,6.251800223253668e-05
162,163.0,0.001469142601126805,7.77643988840282e-05,7.977019995450974e-05
163,164.0,0.0015057507960591465,8.108160109259188e-05,6.340019754134119e-05
164,165.0,0.0015834143967367708,7.93042010627687e-05,6.17131998296827e-05
165,166.0,0.0016381863970309496,8.034579805098474e-05,6.240620277822017e-05
166,167.0,0.0015487701981328427,8.150400244630874e-05,6.323439883999526e-05
167,168.0,0.0015928708016872406,8.194500114768743e-05,6.409140187315642e-05
168,169.0,0.0016776558011770248,8.269959944300354e-05,6.471300148405134e-05
169,170.0,0.0016277524002362043,8.344119996763765e-05,6.80054014082998e-05
170,171.0,0.0016523040016181768,8.990740170702338e-05,6.623320514336229e-05
171,172.0,0.0016468784015160054,8.83837987203151e-05,6.91184017341584e-05
172,173.0,0.0016617251967545599,8.627039496786893e-05,7.127279532141984e-05
173,174.0,0.0016647793992888183,9.149459656327963e-05,6.83269987348467e-05
174,175.0,0.0016963645990472286,8.783240336924791e-05,6.887379568070174e-05
175,176.0,0.0016989777970593423,8.874879567883908e-05,6.988020031712949e-05
176,177.0,0.0017089542001485825,8.958080434240401e-05,7.038380135782063e-05
177,178.0,0.0017258298001252114,9.029380162246525e-05,7.13974004611373e-05
178,179.0,0.001751666999189183,9.095760178752243e-05,7.169980090111494e-05
179,180.0,0.0017800536006689072,9.213300072588026e-05,7.245580200105905e-05
180,181.0,0.0017867543967440725,9.315600036643445e-05,7.340700249187648e-05
181,182.0,0.0018075637985020877,9.420679998584092e-05,7.42821954190731e-05
182,183.0,0.001856170000974089,9.593680151738226e-05,7.486059912480414e-05
183,184.0,0.0018878312024753542,9.905920014716685e-05,7.842880440875888e-05
184,185.0,0.0019594238023273648,0.00010207000304944814,7.68312020227313e-05
185,186.0,0.0020868777995929123,9.773700148798525e-05,7.710880017839373e-05
186,187.0,0.002031029004137963,9.881879668682814e-05,8.048579911701381e-05
187,188.0,0.0020023485994897783,0.00010012860293500126,7.89825979154557e-05
188,189.0,0.002021668403176591,0.00010421979823149741,7.965319673530757e-05
189,190.0,0.0020453175995498894,0.00010194799979217351,8.064660360105336e-05
190,191.0,0.0020194408018141983,0.00010264160227961839,8.140219724737108e-05
191,192.0,0.002073168003698811,0.00010422499617561698,8.212960092350841e-05
192,193.0,0.002110596001148224,0.00010472199646756053,8.29664000775665e-05
193,194.0,0.002098743198439479,0.0001057968009263277,8.37277970276773e-05
194,195.0,0.0020900834002532064,0.00010662840213626623,8.456820505671203e-05
195,196.0,0.0021073349984362722,0.0001075520005542785,8.556980174034834e-05
196,197.0,0.0021109691995661707,0.00010836599976755678,8.636080310679972e-05
197,198.0,0.002137091604527086,0.00015820060507394375,0.0001277209958061576
198,199.0,0.0021549633995164184,0.0001105337985791266,8.786020334810019e-05
199,200.0,0.00217257680487819,0.00011147260083816945,8.860340458340942e-05
200,201.0,0.00220738040516153,0.00011281580082140863,8.970079943537712e-05
201,202.0,0.002292516198940575,0.00011384060489945113,9.071960230357944e-05
202,203.0,0.00244330019922927,0.00011632440146058798,9.787239832803607e-05
203,204.0,0.002599220402771607,0.00011507880408316851,9.21734026633203e-05
204,205.0,0.0023650187999010087,0.0001166093978099525,9.286780259571969e-05
205,206.0,0.0024355716013815254,0.00012989980168640614,9.471479570493102e-05
206,207.0,0.0024599603959359227,0.00011881659738719464,9.448819910176098e-05
207,208.0,0.002533134998520836,0.000122439197730273,0.0001000499993097037
208,209.0,0.002499824401456863,0.00012069019721820951,9.660720243118704e-05
209,210.0,0.0024756396014709026,0.00012379020336084068,9.755999781191349e-05
210,211.0,0.0025888920004945247,0.00012463760212995113,9.81958000920713e-05
211,212.0,0.002522546600084752,0.00012928320211358368,9.884160244837404e-05
212,213.0,0.002603013801854104,0.0001245461986400187,0.00010530899744480849
213,214.0,0.0025225182005669923,0.00012544099590741097,0.0001004684017971158
214,215.0,0.002602485002717003,0.00013263360015116631,0.00010194299975410103
215,216.0,0.002681620995281264,0.00013226420269347728,0.00010237899841740728
216,217.0,0.002748330804752186,0.0001352698018308729,0.00010321880108676851
217,218.0,0.0027258816000539808,0.00012993759592063724,0.00010433560237288475
218,219.0,0.0027821805968414994,0.00013109419960528613,0.00010563579853624105
219,220.0,0.0027842796000186352,0.00013203200069256127,0.00010604459675960243
220,221.0,0.0029237498005386443,0.00013781620073132216,0.00010999080259352923
221,222.0,0.0028276159951929,0.00013506400282494723,0.0001083904004190117
222,223.0,0.0029048239986877887,0.00013659580145031214,0.00010932500008493662
223,224.0,0.0028517433966044337,0.00013711139908991754,0.00011017060023732483
224,225.0,0.0029177252028603105,0.00014408339629881083,0.00011678860173560678
225,226.0,0.0028960333962459116,0.00013919600169174374,0.00011201860033906996
226,227.0,0.0029876856016926466,0.00014204919571056963,0.00011389199644327164
227,228.0,0.0028486678027547898,0.0001413610007148236,0.00011379599454812706
228,229.0,0.003040541597874835,0.00014762820210307838,0.00012061980087310075
229,230.0,0.003137067600619048,0.0001434749981854111,0.00011551179923117161
230,231.0,0.002942338597495109,0.00015059980214573442,0.00012330000172369182
231,232.0,0.0029650063952431083,0.00014568179612979294,0.00011769959819503128
232,233.0,0.0029864418029319495,0.00015308239962905646,0.00012267199927009642
233,234.0,0.0031145339948125184,0.000153422198491171,0.00012372219935059549
234,235.0,0.003119158197659999,0.0001561951998155564,0.00012527499930001796
235,236.0,0.003144937002798542,0.00015064399922266604,0.00012130220420658588
236,237.0,0.0032293768017552793,0.00016066039679571987,0.00012982459738850594
237,238.0,0.003065269801300019,0.00015287999995052814,0.00012322380207479
238,239.0,0.0031075079983565955,0.00022291280329227446,0.0001324760029092431
239,240.0,0.003245353599777445,0.00016181619721464813,0.00013280999846756458
240,241.0,0.0034727569960523396,0.00015629440313205122,0.00012640419881790877
241,242.0,0.003502253198530525,0.00016086440300568938,0.0001273553993087262
242,243.0,0.0035163089982233942,0.00016517619951628149,0.00013150320155546068
243,244.0,0.0034483640047255903,0.00015998979797586798,0.00013156019849702716
244,245.0,0.0032913994044065477,0.00016071920399554073,0.00013326620100997388
245,246.0,0.0033988545997999608,0.00016254279762506485,0.0001312420004978776
246,247.0,0.0035019889997784047,0.00017115100054070352,0.00013246219605207444
247,248.0,0.0034534880018327386,0.00016780419973656536,0.0001333041989710182
248,249.0,0.003473094996297732,0.0001709022035356611,0.00013889700057916342
249,250.0,0.00345958840334788,0.0001689281954895705,0.00013514200109057128
250,251.0,0.003504379402147606,0.00016763500170782208,0.0001392756006680429
251,252.0,0.003553400601958856,0.0001749891962390393,0.0001376533997245133
252,253.0,0.0036496763990726323,0.00017106820014305412,0.00014500700053758918
253,254.0,0.003610972804017365,0.00017199720023199915,0.0001393871963955462
254,255.0,0.0037239758006762714,0.00017880679806694388,0.00014027599827386438
255,256.0,0.003675225598271936,0.00018006259924732148,0.00014615799882449209
256,257.0,0.00383340580156073,0.00017470959573984146,0.00014292680425569414
257,258.0,0.0036955478019081054,0.00017620479920879006,0.00014826779952272772
258,259.0,0.0037434956000652166,0.00017798860208131372,0.0001444099994841963
259,260.0,0.0037215533957351,0.00017938900273293257,0.00014855900080874563
260,261.0,0.003823698003543541,0.00018052899977192283,0.00014683400513604283
261,262.0,0.003876377799315378,0.0001887855993118137,0.00014800839708186685
262,263.0,0.003901874599978328,0.0001890400017146021,0.00014877079520374535
263,264.0,0.003944321000017226,0.000191184802679345,0.0001553645997773856
264,265.0,0.003965422796318308,0.0001855933980550617,0.00015648879925720394
265,266.0,0.003959349397337064,0.0001923414005432278,0.00015725379926152528
266,267.0,0.004000107798492536,0.00019447499653324485,0.00015323880361393095
267,268.0,0.0038689145992975684,0.0001897648035082966,0.00015439059934578835
268,269.0,0.0039197382051497694,0.00019385559717193245,0.00015802999841980637
269,270.0,0.004240649804705754,0.00019199560047127305,0.00015655719907954336
270,271.0,0.004124706797301769,0.00019330880022607743,0.00015796300140209497
271,272.0,0.003984999196836725,0.00020156780374236405,0.00016432760166935624
272,273.0,0.004194862797157839,0.00019653040217235685,0.0001602885953616351
273,274.0,0.004230198601726442,0.00019770360086113214,0.00016108679701574147
274,275.0,0.004162918200017884,0.00019897120073437692,0.0001622613985091448
275,276.0,0.004341621795902029,0.00020874760230071843,0.0001689970027655363
276,277.0,0.004446030000690371,0.00020641239825636148,0.00017026200075633823
277,278.0,0.004487223998876288,0.0002051440009381622,0.00017144379671663046
278,279.0,0.004376224800944328,0.00020431639859452844,0.00016947059775702656
279,280.0,0.004386543197324499,0.00021237640175968408,0.00016802040045149624
280,281.0,0.0044237362046260385,0.0002138555981218815,0.00017474060296081008
281,282.0,0.004452836402924732,0.00021555119892582297,0.00017619759892113508
282,283.0,0.0045382309996057305,0.00021709720022045076,0.00017170720384456216
283,284.0,0.004541060997871682,0.0002199768030550331,0.0001728692033793777
284,285.0,0.004533843003446236,0.0002197456022258848,0.00018011179636232555
285,286.0,0.004587211000034586,0.00022177740465849637,0.00018110100063495338
286,287.0,0.004618470999412238,0.00021550700184889138,0.00018224420491605998
287,288.0,0.004631084599532187,0.00022392600076273083,0.00018351220060139895
288,289.0,0.004663501196773723,0.00022191319731064142,0.00018460539868101478
289,290.0,0.004706712201004848,0.00022393619874492288,0.00017962619895115495
290,291.0,0.0045763557951431725,0.00022078719921410085,0.00018095839768648148
291,292.0,0.004601894598454237,0.00022638120572082698,0.00018815899966284633
292,293.0,0.004828624200308695,0.00022352079977281392,0.00018286699778400362
293,294.0,0.004843964404426515,0.00022504320368170737,0.00018916740082204343
294,295.0,0.004888504801783711,0.00023194800014607607,0.0001918399997521192
295,296.0,0.004904103802982718,0.00022802119492553173,0.00018699339707382024
296,297.0,0.004951014596736058,0.00023549420293420554,0.0001945844036526978
297,298.0,0.00498093559872359,0.00023920040111988783,0.00019586020498536528
298,299.0,0.005006275599589572,0.00024020499549806117,0.00019088279805146158
299,300.0,0.0050456871977075934,0.0002422694000415504,0.00019837559666484593
300,301.0,0.005085951799992472,0.00024164819624274969,0.00019292220240458847
301,302.0,0.005102817201986909,0.00024574580020271243,0.00019417639705352486
302,303.0,0.00515549440169707,0.00023865639814175666,0.00019546319963410498
303,304.0,0.005183373199542984,0.00024565960047766565,0.0001965709961950779
304,305.0,0.005215773399686441,0.00024888120242394507,0.00020430259755812585
305,306.0,0.005241909599862993,0.0002421492012217641,0.000198860204545781
306,307.0,0.005285564198857173,0.00024839340476319195,0.00020723179914057256
307,308.0,0.005302551400382072,0.00025370839866809545,0.00021117820288054645
308,309.0,0.005361944600008428,0.00024710680008865893,0.00020280720200389625
309,310.0,0.005395486799534411,0.00025691359769552946,0.00020911539904773236
310,311.0,0.005422103998716921,0.00025868539814837276,0.00021243419614620508
311,312.0,0.005517891800263896,0.0002547922020312399,0.0002135869988705963
312,313.0,0.00548198499600403,0.0002672749978955835,0.00020826759864576161
313,314.0,0.005597302998648956,0.0002630991977639496,0.00021640180493704976
314,315.0,0.005525226396275684,0.0002645079977810383,0.0002104423998389393
315,316.0,0.005525108595611528,0.000257313996553421,0.00021174839930608868
316,317.0,0.005516469798749313,0.0002584417990874499,0.0002131151966750622
317,318.0,0.005635712598450482,0.0002643309999257326,0.00021573639824055136
318,319.0,0.0057455228001344946,0.00027079060091637073,0.00022335759713314473
319,320.0,0.006528643000638113,0.0002734924026299268,0.0002303941990248859
320,321.0,0.006090894999215379,0.00026489379815757274,0.0002270163968205452
321,322.0,0.005858937802258879,0.00027539499569684267,0.00021936120465397834
322,323.0,0.0058043766010086985,0.0002673848008271307,0.00022067339741624892
323,324.0,0.005850068799918518,0.0002731737971771508,0.0002235494030173868
324,325.0,0.005892312998184934,0.00027884459705092014,0.00022580699878744782
325,326.0,0.005921147402841598,0.0002721479977481067,0.00023500199895352126
326,327.0,0.006037639401620254,0.0002830814046319574,0.0002336608013138175
327,328.0,0.006034038402140141,0.0002756753994617611,0.00022735540405847133
328,329.0,0.0058775393990799785,0.0002876156009733677,0.00024030719650909306
329,330.0,0.006128420802997425,0.000295241002459079,0.0002379578014370054
330,331.0,0.005946100398432463,0.0002929921960458159,0.00023091879556886853
331,332.0,0.005972032999852672,0.00029334540013223884,0.0002447977953124791
332,333.0,0.006444561801617965,0.0002835205988958478,0.00023866959963925183
333,334.0,0.006053085398161784,0.0002854103979188949,0.00023786319652572275
334,335.0,0.0064951779961120336,0.0002904327993746847,0.00025041919434443116
335,336.0,0.006731335999211297,0.00029847020050510764,0.00024633180000819264
336,337.0,0.00654128139722161,0.00029707339708693323,0.0003562931960914284
337,338.0,0.0070783670002128925,0.00029504859703592955,0.00024063799646683036
338,339.0,0.006896561197936535,0.0003003330028150231,0.0002534590021241456
339,340.0,0.006781308597419411,0.00029511739849112927,0.00024324199766851963
340,341.0,0.006761516199912876,0.00029664260218851266,0.0002544869959820062
341,342.0,0.0066096066031605,0.00030440359842032194,0.0002513270010240376
342,343.0,0.006740649597486481,0.00029959820094518366,0.0002563768008258194
343,344.0,0.007336805603699759,0.00030678579933010044,0.0002520151960197836
344,345.0,0.006460381200304255,0.00030285099637694657,0.00025017239968292413
345,346.0,0.006497805804247037,0.00031819420401006936,0.0002577938023023307
346,347.0,0.006636472995160148,0.0003206341993063688,0.00025641020038165153
347,348.0,0.006833248998736963,0.00039150899974629285,0.0002629933995194733
348,349.0,0.006855372397694737,0.00030918619595468046,0.00025579959619790313
349,350.0,0.006826677802018821,0.0003234866017010063,0.00025694199721328916
350,351.0,0.006912048201775179,0.00032333339913748205,0.00026703780167736113
351,352.0,0.006966562801972031,0.0003183316031936556,0.00026417520130053165
352,353.0,0.006992512597935274,0.0003240316000301391,0.0002617287973407656
353,354.0,0.0069058917986694725,0.00033352680038660764,0.00026442239759489895
354,355.0,0.006932337599573657,0.00033008099999278786,0.0002746415964793414
355,356.0,0.00695845420123078,0.00032683539902791383,0.00026526100118644534
356,357.0,0.006997076800325885,0.00033356639905832706,0.0002700557990465313
357,358.0,0.007062895596027375,0.0003244004037696868,0.00026795860030688347
358,359.0,0.0071158724022097886,0.00032674859976395966,0.00026978039531968536
359,360.0,0.00715200059930794,0.0003310132015030831,0.0002709516033064574
360,361.0,0.007176310999784619,0.00033432519994676114,0.00027251499705016613
361,362.0,0.007226547197205946,0.0003323807963170111,0.0002737926028203219
362,363.0,0.007280188001459464,0.00033242880017496644,0.00027531139785423874
363,364.0,0.007320487598190084,0.0003351690014824271,0.00027699799975380304
364,365.0,0.007353906595380977,0.0003368239966221154,0.00028462220216169954
365,366.0,0.007447537203552202,0.000338247197214514,0.0002797179971821606
366,367.0,0.0074467284022830425,0.000340726797003299,0.00028322419966571034
367,368.0,0.007762897002976388,0.0003415876009967178,0.0002826765994541347
368,369.0,0.007532211398938671,0.00035632060025818645,0.0002902249980252236
369,370.0,0.007610613602446392,0.0003496756020467728,0.000286203803261742
370,371.0,0.007608381804311648,0.00035205240128561855,0.00028746360330842433
371,372.0,0.007666352996602654,0.00035284959594719114,0.00028959519695490597
372,373.0,0.007687285402789712,0.0003511968010570854,0.00029489959706552327
373,374.0,0.0077379085996653885,0.00035344019997864964,0.000291725603165105
374,375.0,0.007775314000900835,0.0003553680027835071,0.00029825419769622383
375,376.0,0.00786599299754016,0.0003609631967265159,0.00029466679552569985
376,377.0,0.007877847796771675,0.00036279380437918005,0.0002964243991300464
377,378.0,0.007890359399607406,0.0003600316005758941,0.00029821220086887477
378,379.0,0.007962340000085532,0.00036573139950633047,0.00029979319660924377
379,380.0,0.007968584599439055,0.00036336880293674767,0.00030085460166446866
380,381.0,0.008048256603069603,0.00036482139839790764,0.00030226819799281655
381,382.0,0.008088368194876239,0.00037050620303489266,0.0003039742005057633
382,383.0,0.008129655197262765,0.00037103119539096954,0.0003058033995330334
383,384.0,0.008158125600311905,0.00037146920221857725,0.00030804520356468855
384,385.0,0.008202885399805382,0.0003728308016434312,0.0003081329981796443
385,386.0,0.008231960202101618,0.0003817001997958869,0.0003104311996139586
386,387.0,0.008286183199379593,0.0003759704006370157,0.0003120076027698815
387,388.0,0.008315305598080159,0.00037814820534549655,0.0003130090015474707
388,389.0,0.00836257780320011,0.0003797721990849823,0.0003225551976356655
389,390.0,0.008397814398631454,0.0003818702010903507,0.00031672599725425244
390,391.0,0.00846674400381744,0.00038335659774020315,0.00031785439932718873
391,392.0,0.008494190400233493,0.00038529519806616006,0.00032578000100329517
392,393.0,0.00855275240028277,0.00038644899614155294,0.0003203504020348191
393,394.0,0.008610969601431862,0.0003920221992302686,0.00032174420193769037
394,395.0,0.008653930603759363,0.0003936566004995257,0.00032385579543188215
395,396.0,0.008687173196813091,0.0003921816009096801,0.0003252216032706201
396,397.0,0.008719720802037045,0.0003942800045479089,0.0003267785999923944
397,398.0,0.008760875603184105,0.0003963641996961087,0.0003287408035248518
398,399.0,0.008815777796553449,0.00039796840283088384,0.0003295321948826313
399,400.0,0.008909364201826975,0.0004020816006232053,0.00033124659676104785
400,401.0,0.008912472001975402,0.00040192219894379376,0.000333127798512578
401,402.0,0.008952656999463215,0.0004055467958096415,0.0003349359962157905
402,403.0,0.009039868001127615,0.0004052189993672073,0.00033627120428718625
403,404.0,0.009038686798885465,0.00040746559971012176,0.00034284699941053984
404,405.0,0.009109535202151164,0.000415735796559602,0.00033984180190600456
405,406.0,0.009163542604073881,0.00041151840123347937,0.0003411410027183592
406,407.0,0.009209943603491411,0.0004245513991918415,0.00034279280225746334
407,408.0,0.009291431005112826,0.000424153998028487,0.00034461040049791334
408,409.0,0.009343712602276354,0.0004203087999485433,0.00034924260107800366
409,410.0,0.009340525401057675,0.0004194972047116607,0.00034848859650082886
410,411.0,0.009412240999517962,0.00042063840082846583,0.00034931160043925045
411,412.0,0.009473465196788312,0.0004301424021832645,0.0003627527970820665
412,413.0,0.009657024400075898,0.0004274607985280454,0.00036102779558859764
413,414.0,0.009680357202887535,0.00044164119753986597,0.00035956520005129276
414,415.0,0.009786275995429606,0.0004435781971551478,0.00035886260448023675
415,416.0,0.009825276001356542,0.0004381217993795872,0.00036141499876976015
416,417.0,0.009869522601366042,0.00044411940034478904,0.00037117499741725626
417,418.0,0.009898538200650365,0.000441419001435861,0.00036077999975532294
418,419.0,0.009966208599507809,0.00044678300037048757,0.0003654860018286854
419,420.0,0.010015796998050063,0.0004547506046947092,0.0003719066036865115
420,421.0,0.010064284800319002,0.0004480556002818048,0.0003790068032685667
421,422.0,0.01011699460214004,0.00045767140109091996,0.0003806723980233073
422,423.0,0.010186691198032349,0.00045087579637765885,0.00037618300411850213
423,424.0,0.010198594199027865,0.0004619979998096824,0.0003751880023628473
424,425.0,0.010250579199055209,0.0004569280019495636,0.0003722715948242694
425,426.0,0.010259642597520723,0.0004535341984592378,0.00037702100235037506
426,427.0,0.010355312196770683,0.0004700264020357281,0.0003889220010023564
427,428.0,0.010420376999536528,0.0004639495979063213,0.00039030099869705734
428,429.0,0.01032937400159426,0.00045965060126036407,0.0003790875955019146
429,430.0,0.0102291374001652,0.00046969280228950085,0.0003910241997800767
430,431.0,0.010548536397982389,0.0004808329977095127,0.0003958930028602481
431,432.0,0.011335058603435755,0.00046301340335048736,0.0003889350045938045
432,433.0,0.010873271198943258,0.0004854193946812302,0.00039179620216600597
433,434.0,0.011077604402089491,0.0004870839999057353,0.00039782539824955164
434,435.0,0.01046938420040533,0.0004744428035337478,0.0003895661968272179
435,436.0,0.010835653799585999,0.00047084219986572864,0.00039150439552031456
436,437.0,0.0105981835979037,0.0004873486002907157,0.0004075808043126017
437,438.0,0.010716118803247809,0.0004886556009296328,0.0004111171991098672
438,439.0,0.01090413680067286,0.000481707596918568,0.000412879599025473
439,440.0,0.010746566997841,0.0004906521993689239,0.00040634660399518907
440,441.0,0.01130646460223943,0.0004894151992630213,0.00040357900434173644
441,442.0,0.010816083004465326,0.00048774080350995065,0.00041530339512974024
442,443.0,0.011042085196822881,0.000492474198108539,0.00040380559512414037
443,444.0,0.01081879819976166,0.0004910496005322784,0.0004053399956319481
444,445.0,0.010869045002618805,0.0004937645979225635,0.00040684480336494744
445,446.0,0.010950300400145352,0.0004914741963148117,0.0004086356027983129
446,447.0,0.011118443601299077,0.0004939027945511043,0.00041502719977870584
447,448.0,0.01147503379615955,0.000510799401672557,0.0004278672044165432
448,449.0,0.011537096602842212,0.0005038856004830449,0.0004286711977329105
449,450.0,0.011556223797379061,0.0005174814024940134,0.00042608259827829896
450,451.0,0.011633961996994912,0.0005022966011893004,0.0004235964035615325
451,452.0,0.011244729597819969,0.0005081493989564478,0.0004197064030449837
452,453.0,0.011759625602280721,0.0005101079994346946,0.0004236056003719568
453,454.0,0.011345430195797234,0.000508344202535227,0.00042627700022421775
454,455.0,0.011600405198987574,0.000536632997682318,0.00042731380090117456
455,456.0,0.012027147598564625,0.0005293173948302865,0.0004429513996001333
456,457.0,0.01159982219687663,0.00053325179615058,0.0004482568008825183
457,458.0,0.011607215198455378,0.0005216418008785695,0.00043830039794556797
458,459.0,0.012224766600411385,0.0005297467985656112,0.0004367387969978154
459,460.0,0.012017061200458557,0.0005311842018272728,0.0004651794035453349
460,461.0,0.012221879797289148,0.0005294529953971505,0.0004418014024849981
461,462.0,0.012105515599250794,0.000525876198662445,0.0004374590003862977
462,463.0,0.011955085198860616,0.0005335338006261736,0.00044441240024752917
463,464.0,0.01187560319667682,0.0005424853996373713,0.00045009320019744336
464,465.0,0.011935931403422728,0.0005334260000381619,0.0004450072010513395
465,466.0,0.01196804599603638,0.0005344634002540261,0.00044532299507409333
466,467.0,0.012046950199874118,0.0005411338002886623,0.00044802239863201977
467,468.0,0.012063521199161186,0.0005400469992309809,0.0004488017992116511
468,469.0,0.012135441595455631,0.0005412123980931937,0.0004511734005063772
469,470.0,0.012182029202813282,0.0005440300039481372,0.00045226800139062104
470,471.0,0.012226641998859122,0.0005448530020657927,0.00045394600019790234
471,472.0,0.012317882402567194,0.0005513513984624297,0.0004607528040651232
472,473.0,0.012332138401689008,0.0005493531993124634,0.0004672198032494634
473,474.0,0.01238333799992688,0.0005514435993973166,0.0004596672020852566
474,475.0,0.012431589601328596,0.0005539414007216692,0.00046150399721227585
475,476.0,0.012492189405020327,0.0005572127993218601,0.000463178800418973
476,477.0,0.012562682799762115,0.0005581051984336228,0.0004654908028896898
477,478.0,0.012593639001715928,0.0005603563971817493,0.0004719768010545522
478,479.0,0.012672273203497753,0.0005624136014375835,0.0004690953996032476
479,480.0,0.012715253396891057,0.0005651534011121839,0.0004708833992481232
480,481.0,0.012768354802392422,0.0005672316008713096,0.00047327199717983603
481,482.0,0.01282806980307214,0.0005752794037107378,0.00047521379892714324
482,483.0,0.012874518398893997,0.0005783658009022475,0.0004769148014020175
483,484.0,0.01291050979634747,0.0005749212054070085,0.0004790852020960301
484,485.0,0.013255999801913276,0.0005835151998326183,0.0004967877990566194
485,486.0,0.013492114399559796,0.0005956523993518204,0.0005010805965866893
486,487.0,0.013154089002637193,0.0005940500006545335,0.0004842825990635902
487,488.0,0.01358132180175744,0.0006044579960871488,0.0005205105990171432
488,489.0,0.014235818601446227,0.0006061111984308809,0.0004925300017930567
489,490.0,0.013695653597824275,0.0005929343984462321,0.0004908121947664768
490,491.0,0.013755102403229103,0.0006123833998572081,0.0005054460023529827
491,492.0,0.014313811395550147,0.0006422622012905776,0.0005184246052522212
492,493.0,0.014564852404873818,0.0006213417975232006,0.0005164399975910783
493,494.0,0.013951583800371736,0.0006055569974705577,0.0005030639993492513
494,495.0,0.013977456197608262,0.0006059013947378844,0.0005024772020988166
495,496.0,0.013994573999661952,0.000614174798829481,0.0005045486032031476
496,497.0,0.014060963602969424,0.0006174902024213225,0.0005066158017143607
497,498.0,0.014151498803403228,0.0006150062021333724,0.0005114814033731818
498,499.0,0.01417645380133763,0.0006188201950863004,0.0005112365994136781
